شمار,تفصیلی وضاحت,متعلقہ شخصیات,مقام,نقشہ_کوآرڈینیٹس,اہمیت_اسکور,تصویری_حوالہ,ٹیگز,,,,
1,آپ ﷺ کی ولادت عام الفیل میں پیر کے دن ہوئی۔ والد کا انتقال آپ کی پیدائش سے قبل ہو چکا تھا۔ والدہ نے آپ کو دودھ پلانے کیلئے حضرت حلیمہ سعدیہ کے سپرد کیا۔,حضرت آمنہ|حضرت عبداللہ (والد)|حضرت حلیمہ سعدیہ|بنو ہاشم,مکہ مکرمہ,21.3891-39.8579,5,event_1_birth.png,نور کی آمد|یتیمی کا آغاز|قبیلہ بنو ہاشم کا فخر,,,,
2,"حضرت عبداللہ بن عبدالمطلب، نبی کریم ﷺ کے والد ماجد، آپ ﷺ کی ولادت سے چند ماہ قبل مدینہ منورہ (یثرب) میں انتقال فرما گئے۔ وہ تجارت کی غرض سے شام گئے تھے اور واپسی پر بیمار ہو کر مدینہ میں اپنے ننھیال بنو نجار کے ہاں ٹھہرے تھے۔",حضرت عبداللہ|بنو نجار|حضرت آمنہ,مدینہ منورہ (یثرب),24.4686-39.6142,5,event_2_father_death.png,غم کا پہلو|اللہ کی حکمت|ابتدائی زندگی کے چیلنجز,,,,
3,رضاعت کی مدت پوری کرنے اور جسمانی طور پر مضبوط ہونے کے لئے آپ ﷺ کو دیہاتی ماحول میں قبیلہ بنو سعد کی حضرت حلیمہ سعدیہ کے سپرد کیا گیا۔ آپ ﷺ نے وہاں کئی سال گزارے اور فصیح عربی سیکھی۔,حضرت حلیمہ سعدیہ|بنو سعد|حضرت شیماء (رضاعی بہن),بنو سعد کا علاقہ (طائف کے قریب),21.285-40.4172,5,event_3_halima.png,صحت مند نشوونما|زبان دانی|اللہ کی رحمت,,,,
4,"بچپن میں جب آپ ﷺ حضرت حلیمہ سعدیہ کے پاس تھے، دو فرشتے انسانی شکل میں آئے، آپ ﷺ کا سینہ مبارک چاک کیا، دل نکالا، اس میں سے ایک سیاہ لوتھڑا نکالا اور دل کو آبِ زم زم سے دھو کر واپس رکھ دیا۔",حضرت جبرائیل ؑ|حضرت میکائیل ؑ|حضرت حلیمہ سعدیہ,بنو سعد کا علاقہ,21.285-40.4172,5,event_4_shaqq_sadr1.png,روحانی تیاری|شیطان سے حفاظت|نبوت کی نشانی,,,,
5,"تقریباً چھ سال کی عمر میں، آپ ﷺ کی والدہ حضرت آمنہ آپ ﷺ کو مدینہ میں اپنے میکے (بنو نجار) والوں سے ملوانے اور آپ کے والد کی قبر کی زیارت کے لیے لے گئیں۔",حضرت آمنہ|ام ایمن (برکہ)|بنو نجار,مدینہ منورہ (یثرب),24.4686-39.6142,5,event_5_madinah_visit.png,خاندانی تعلقات|والد کی یاد|ابتدائی سفر,,,,
6,"مدینہ سے مکہ واپسی پر، مقامِ ابواء پر حضرت آمنہ بیمار ہوئیں اور وہیں انتقال فرما گئیں۔ آپ ﷺ اس وقت تقریباً چھ سال کے تھے۔ ام ایمن (رض) آپ ﷺ کو واپس مکہ لائیں۔",حضرت آمنہ|ام ایمن (برکہ),ابواء (مکہ و مدینہ کے درمیان),23.1081-39.0901,5,event_6_mother_death.png,صبر کا امتحان|اللہ کی تربیت|ام ایمن کی شفقت,,,,
7,"والدہ کے انتقال کے بعد، آپ ﷺ کی دیکھ بھال کی ذمہ داری ام ایمن (برکہ) نے سرانجام دی جو آپ ﷺ کے والد کی باندی تھیں۔ آپ ﷺ ان سے بہت محبت کرتے تھے۔",ام ایمن (برکہ)|عبدالمطلب|ابو طالب,مکہ مکرمہ,21.3891-39.8579,5,event_7_ummayman.png,خادمہ کی وفاداری|نبی کی قدردانی|مشکل وقت میں سہارا,,,,
8,"آپ ﷺ کے دادا عبدالمطلب، جو قریش کے سردار تھے، آپ ﷺ سے بے پناہ محبت کرتے تھے۔ جب آپ ﷺ کی عمر آٹھ سال ہوئی تو ان کا انتقال ہوگیا۔ انہوں نے آپ ﷺ کی کفالت کی وصیت اپنے بیٹے ابو طالب کو کی۔",عبدالمطلب|ابو طالب|قریش,مکہ مکرمہ,21.3891-39.8579,5,event_8_grandfather_death.png,خاندان کی اہمیت|سرپرستی کی منتقلی|اللہ کا انتخاب,,,,
9,تقریباً بارہ سال کی عمر میں آپ ﷺ اپنے چچا ابو طالب کے ساتھ تجارت کی غرض سے ملک شام کے پہلے سفر پر روانہ ہوئے۔ بصریٰ کے مقام پر بحیرا نامی ایک عیسائی راہب نے آپ ﷺ میں نبوت کی نشانیاں پہچان لیں۔,ابو طالب|بحیرا راہب|میسرہ (بعد کے سفر میں),"بصریٰ، شام",32.5204-36.4804,5,event_9_syria_journey1.png,ابتدائی تجارتی تجربہ|غیبی خبریں|حفاظت کی تاکید,,,,
10,حربِ فجار عرب کے قبائل کنانہ اور قیس عیلان کے درمیان حرمت والے مہینوں میں لڑی گئی۔ آپ ﷺ نے بھی اس میں شرکت کی لیکن براہِ راست لڑائی میں حصہ نہیں لیا بلکہ اپنے چچاؤں کو تیر اٹھا کر دیتے تھے۔,قریش|بنو کنانہ|قیس عیلان|ابو طالب,عکاظ کے قریب,21.4225-39.8262,5,event_10_harb_fijar.png,جنگ کے اثرات|امن کی خواہش|قبائلی نظام کا مشاہدہ,,,,
11,حربِ فجار کے بعد مکہ میں امن و امان کے قیام اور مظلوموں کی مدد کے لیے ایک معاہدہ 'حلف الفضول' طے پایا۔ آپ ﷺ بھی اس معاہدے میں شریک ہوئے۔,زبیر بن عبدالمطلب|بنو ہاشم|بنو زہرہ|بنو تیم,"دار عبداللہ بن جدعان، مکہ",21.3891-39.8579,5,event_11_hilf_fudul.png,نوجوان مصلح|عدل کا قیام|معاشرتی ذمہ داری,,,,
12,حضرت خدیجہ (رض) نے آپ ﷺ کی سچائی اور امانت داری کے چرچے سنے تو اپنا تجارتی مال دے کر آپ ﷺ کو اپنے غلام میسرہ کے ساتھ شام بھیجا۔ اس سفر میں آپ ﷺ کو بہت نفع ہوا۔,حضرت خدیجہ (رض)|میسرہ,شام,33.5138-36.2765,5,event_12_trade_khadijah.png,کاروباری صلاحیت|اعلیٰ اخلاق|حضرت خدیجہ کا اعتماد,,,,
13,"شام سے واپسی پر میسرہ نے حضرت خدیجہ (رض) کو آپ ﷺ کی امانت، دیانت، خوش اخلاقی اور تجارتی کامیابی کا بتایا۔ حضرت خدیجہ (رض) بہت متاثر ہوئیں اور نفیسہ بنت منیہ کے ذریعے آپ ﷺ کو نکاح کا پیغام بھیجا۔",حضرت خدیجہ (رض)|نفیسہ بنت منیہ|ابو طالب,مکہ مکرمہ,21.3891-39.8579,5,event_13_marriage_khadijah.png,مبارک رشتہ|معاشی استحکام|سماجی قبولیت,,,,
14,"نبوت سے قبل بھی آپ ﷺ اپنی سچائی، امانت داری، حسنِ معاملہ اور اعلیٰ اخلاق کی وجہ سے پورے مکہ میں 'صادق' (سچا) اور 'امین' (امانت دار) کے لقب سے مشہور تھے۔",اہل مکہ|قریش,مکہ مکرمہ,21.3891-39.8579,5,event_14_sadiq_amin.png,کردار کی عظمت|معاشرتی مقام|لوگوں کا بھروسہ,,,,
15,جب آپ ﷺ کی عمر 35 سال تھی تو قریش نے کعبہ کی از سر نو تعمیر کی۔ جب حجر اسود کو اس کی جگہ پر رکھنے کا وقت آیا تو قبائل میں شدید جھگڑا ہوگیا۔ آپ ﷺ نے اپنی حکمت سے یہ تنازعہ حل کیا۔,قریش کے سردار,"خانہ کعبہ، مکہ",21.4225-39.8262,5,event_15_kabah_rebuild.png,دانشمندانہ فیصلہ|اتحاد کا درس|خونریزی سے بچاؤ,,,,
16,"نبوت ملنے سے کچھ سال قبل، آپ ﷺ کا معمول تھا کہ رمضان المبارک کا پورا مہینہ مکہ سے کچھ فاصلے پر واقع غارِ حرا میں جا کر عبادت اور غور و فکر میں گزارتے تھے۔",کوئی نہیں (تنہائی),"غار حرا، جبل نور، مکہ",21.4592-39.8876,5,event_16_cave_hira.png,روحانی تربیت|اللہ سے قربت|وحی کے لئے تیاری,,,,
17,"تقریباً 40 سال کی عمر میں، رمضان المبارک کی ایک رات آپ ﷺ غارِ حرا میں محوِ عبادت تھے کہ حضرت جبرائیل علیہ السلام اللہ کا پیغام لے کر حاضر ہوئے اور سورۃ العلق کی پہلی پانچ آیات آپ ﷺ پر نازل فرمائیں۔",حضرت جبرائیل ؑ,"غار حرا، جبل نور، مکہ",21.4592-39.8876,5,event_17_first_revelation.png,اسلام کا آغاز|نورِ ہدایت|تاریخ ساز لمحہ,,,,
18,پہلی وحی کے بعد آپ ﷺ کچھ گھبراہٹ کی کیفیت میں گھر تشریف لائے۔ حضرت خدیجہ (رض) نے آپ ﷺ کو تسلی دی اور ورقہ بن نوفل کے پاس لے گئیں جنہوں نے نبوت کی تصدیق کی۔ حضرت خدیجہ (رض) عورتوں میں سب سے پہلے ایمان لائیں۔,حضرت خدیجہ (رض)|ورقہ بن نوفل,مکہ مکرمہ,21.3891-39.8579,5,event_18_khadijah_islam.png,زوجہ کی وفاداری|سب سے پہلی مسلمان خاتون|اطمینان قلب,,,,
19,بچوں میں سب سے پہلے آپ ﷺ کے چچا زاد بھائی حضرت علی ابن ابی طالب (رض) نے اسلام قبول کیا۔ وہ اس وقت تقریباً دس سال کے تھے اور آپ ﷺ کی کفالت میں تھے۔,حضرت علی ابن ابی طالب (رض),مکہ مکرمہ,21.3891-39.8579,5,event_19_ali_islam.png,کم عمری میں حق شناسی|اہل بیت کا حصہ|ابتدائی مسلمان,,,,
20,آزاد کردہ غلاموں میں سب سے پہلے حضرت زید بن حارثہ (رض) نے اسلام قبول کیا۔ آپ ﷺ نے انہیں بچپن میں خریدا اور پھر آزاد کر کے بیٹے کی طرح پالا تھا۔,حضرت زید بن حارثہ (رض),مکہ مکرمہ,21.3891-39.8579,5,event_20_zaid_islam.png,طبقاتی فرق کا خاتمہ|اسلام کی مساوات|نبی کی تربیت,,,,
21,"آزاد مردوں میں سب سے پہلے آپ ﷺ کے قریبی دوست حضرت ابوبکر صدیق (رض) نے اسلام قبول کیا۔ وہ نرم دل، سچے اور صاحبِ بصیرت انسان تھے۔",حضرت ابوبکر صدیق (رض),مکہ مکرمہ,21.3891-39.8579,5,event_21_abubakr_islam.png,یارِ غار|اسلام کا مضبوط ستون|دعوت میں معاونت,,,,
22,نبوت کے ابتدائی تین سال تک آپ ﷺ نے پوشیدہ طور پر اسلام کی دعوت دی۔ اس دوران چند قریبی لوگ ہی ایمان لائے۔ مسلمانوں کی خفیہ ملاقاتیں 'دارِ ارقم' میں ہوتیں۔,ابتدائی مسلمان|حضرت ارقم بن ابی ارقم (رض),"دار ارقم، مکہ",21.422-39.827,5,event_22_secret_dawah.png,احتیاطی تدابیر|ایمانی تربیت|مستقبل کی بنیاد,,,,
23,تقریباً تین سال کی خفیہ دعوت کے بعد اللہ تعالیٰ نے آپ ﷺ کو حکم دیا کہ اپنے قریبی رشتہ داروں کو ڈرائیں۔ آپ ﷺ نے بنو ہاشم کو کھانے پر بلایا اور انہیں اسلام کی دعوت دی۔,بنو ہاشم|حضرت علی (رض)|ابو لہب,مکہ مکرمہ,21.3891-39.8579,5,event_23_dawat_asheerah.png,حجت تمام کرنا|خاندانی ذمہ داری|مخالفت کا آغاز,,,,
24,اللہ کے حکم (فَاصْدَعْ بِمَا تُؤْمَرُ) کے بعد آپ ﷺ نے کوہِ صفا پر چڑھ کر قریش کے تمام قبائل کو پکارا اور انہیں کھلے عام اسلام کی دعوت دی۔ ابو لہب نے شدید مخالفت کی۔,قریش کے قبائل|ابو لہب,"کوہ صفا، مکہ",21.422-39.827,5,event_24_public_dawah.png,جرأت مندانہ اقدام|حق کا برملا اظہار|مشرکین کا ردعمل,,,,
25,"اعلانیہ دعوت کے بعد کفارِ مکہ نے مسلمانوں پر ظلم و ستم شروع کر دیا۔ غریب اور کمزور مسلمانوں کو خاص طور پر نشانہ بنایا گیا۔ حضرت بلال، حضرت سمیہ، حضرت یاسر (رض) پر شدید مظالم ہوئے۔",حضرت بلال (رض)|حضرت سمیہ (رض)|حضرت یاسر (رض)|ابو جہل,مکہ مکرمہ,21.3891-39.8579,5,event_25_persecution_starts.png,ابتلاء کا دور|صحابہ کی قربانیاں|حق پر ڈٹے رہنا,,,,
26,جب مکہ میں مسلمانوں پر ظلم و ستم کی انتہا ہوگئی تو نبی کریم ﷺ نے صحابہ کرام کو حبشہ کی طرف ہجرت کی اجازت دی۔ پہلا قافلہ رجب 5 نبوی میں روانہ ہوا جس میں 11 مرد اور 4 خواتین شامل تھے۔,حضرت عثمان (رض)|حضرت رقیہ (رض)|نجاشی,حبشہ (ایتھوپیا),9.145-40.4897,5,event_26_abyssinia_hijrah1.png,امن کی تلاش|عادل بادشاہ|ایمان کی خاطر ہجرت,,,,
27,قریش نے عمرو بن العاص اور عبداللہ بن ابی ربیعہ کو تحائف دے کر نجاشی کے پاس بھیجا تاکہ وہ مہاجرین کو واپس کر دے۔ لیکن حضرت جعفر بن ابی طالب (رض) کی تقریر اور سورہ مریم کی تلاوت سن کر نجاشی نے مسلمانوں کو واپس کرنے سے انکار کر دیا۔ (یہ واقعہ دوسری ہجرت کے بعد زیادہ مشہور ہے),عمرو بن العاص|عبداللہ بن ابی ربیعہ|نجاشی|حضرت جعفر طیار (رض),حبشہ کا شاہی دربار,9.145-40.4897,5,event_27_quraish_abyssinia.png,سفارتی کوشش|حق کی فتح|قرآن کا اثر,,,,
28,"حضرت حمزہ بن عبدالمطلب (رض)، آپ ﷺ کے چچا اور رضاعی بھائی، ایک بہادر شکاری تھے۔ ابو جہل کی طرف سے نبی کریم ﷺ کی توہین کی خبر سن کر غصے میں آئے اور ابو جہل کو مارا، پھر اسلام قبول کر لیا۔ ان کے اسلام سے مسلمانوں کو بڑی تقویت ملی۔",حضرت حمزہ (رض)|ابو جہل,مکہ مکرمہ,21.3891-39.8579,5,event_28_hamza_islam.png,بہادری کا مظاہرہ|حق کی حمایت|کفر پر رعب,,,,
29,"حضرت عمر بن خطاب (رض) پہلے اسلام کے سخت مخالف تھے۔ ایک دن نبی کریم ﷺ کو قتل کرنے کے ارادے سے نکلے لیکن راستے میں اپنی بہن فاطمہ بنت خطاب اور بہنوئی سعید بن زید (رض) کے اسلام لانے کا سنا، ان کے گھر گئے، قرآن سنا اور دل بدل گیا۔ نبی کریم ﷺ کی دعا بھی ان کے حق میں قبول ہوئی۔ ان کے اسلام سے مسلمانوں کو بہت طاقت ملی۔",حضرت عمر فاروق (رض)|فاطمہ بنت خطاب (رض)|سعید بن زید (رض),مکہ مکرمہ,21.3891-39.8579,5,event_29_umar_islam.png,دشمن سے دوست|نبی کی دعا|تاریخ کا اہم موڑ,,,,
30,"مکہ میں مظالم بڑھنے پر مسلمانوں کے ایک بڑے گروہ نے دوبارہ حبشہ کی طرف ہجرت کی۔ اس قافلے میں تقریباً 83 مرد اور 18 خواتین شامل تھیں، جن کی قیادت حضرت جعفر بن ابی طالب (رض) کر رہے تھے۔",حضرت جعفر طیار (رض)|مہاجرین صحابہ,حبشہ (ایتھوپیا),9.145-40.4897,5,event_30_abyssinia_hijrah2.png,اجتماعی ہجرت|ایمان کی مضبوطی|قریش کی بے بسی,,,,
31,جب قریش نے دیکھا کہ مسلمان حبشہ میں امن سے ہیں اور اسلام پھیل رہا ہے تو انہوں نے بنو ہاشم اور بنو مطلب کا مکمل سماجی اور معاشی بائیکاٹ کر دیا۔ یہ بائیکاٹ شعب ابی طالب میں تین سال تک جاری رہا۔ مسلمانوں نے انتہائی تنگدستی میں وقت گزارا۔,بنو ہاشم|بنو مطلب|قریش کے سردار,"شعب ابی طالب، مکہ",21.42-39.828,5,event_31_boycott_start.png,محصوری کی زندگی|فاقہ کشی|ایمان کی آزمائش,,,,
32,"تین سال کی سختیاں جھیلنے کے بعد، کچھ نرم دل سردارانِ قریش کی کوششوں اور دیمک کے اس صحیفے کو چاٹ جانے کی وجہ سے بائیکاٹ ختم ہوا جس پر ظالمانہ شرائط لکھی تھیں۔ دیمک نے سوائے 'بسمک اللھم' کے سب چاٹ لیا تھا۔",ہشام بن عمرو|زبیر بن ابی امیہ|قریش,"شعب ابی طالب، مکہ",21.42-39.828,5,event_32_boycott_end.png,اللہ کی مدد|ظلم کا خاتمہ|آزمائش سے نجات,,,,
33,"بائیکاٹ ختم ہونے کے کچھ ہی عرصے بعد، 10 نبوی میں، آپ ﷺ کے شفیق چچا اور محافظ ابو طالب کا انتقال ہوگیا۔ انہوں نے اسلام قبول نہیں کیا تھا لیکن زندگی بھر آپ ﷺ کی بھرپور حمایت اور حفاظت کی۔ ان کی وفات آپ ﷺ کے لیے بڑا صدمہ تھی۔",ابو طالب,مکہ مکرمہ,21.3891-39.8579,5,event_33_abu_talib_death.png,چچا کی وفات|حفاظت کا خاتمہ|نبی کا دکھ,,,,
34,"ابو طالب کی وفات کے صرف تین دن بعد (یا کچھ زیادہ عرصے بعد، روایات مختلف ہیں)، آپ ﷺ کی محبوب زوجہ، ہمدرد اور پہلی مسلمان حضرت خدیجۃ الکبریٰ (رض) کا بھی انتقال ہوگیا۔ ان پے در پے صدمات کی وجہ سے اس سال کو 'عام الحزن' (غم کا سال) کہا جاتا ہے۔",حضرت خدیجہ (رض),مکہ مکرمہ,21.3891-39.8579,5,event_34_khadijah_death.png,زوجہ کی جدائی|غم کا سال|اللہ کی حکمت,,,,
35,"حضرت خدیجہ (رض) کی وفات کے بعد، آپ ﷺ نے حضرت سودہ بنت زمعہ (رض) سے نکاح کیا۔ وہ ایک بیوہ اور عمر رسیدہ خاتون تھیں، اور ابتدائی مسلمانوں میں سے تھیں۔",حضرت سودہ بنت زمعہ (رض),مکہ مکرمہ,21.3891-39.8579,5,event_35_marriage_sawdah.png,گھر کی دیکھ بھال|صحابہ کی مدد|نبی کی سنت,,,,
36,مکہ والوں کی مسلسل مخالفت اور ابو طالب کی وفات کے بعد آپ ﷺ تبلیغ کی امید لے کر طائف تشریف لے گئے۔ وہاں کے سرداروں نے نہ صرف دعوت ٹھکرائی بلکہ شہر کے لڑکوں کو آپ ﷺ کے پیچھے لگا دیا جنہوں نے آپ ﷺ پر پتھر برسائے یہاں تک کہ آپ ﷺ کے نعلین مبارک خون سے بھر گئے۔,"ثقیف کے سردار (عبد یا لیل، مسعود، حبیب)|حضرت زید بن حارثہ (رض)",طائف,21.285-40.4172,5,event_36_taif_journey.png,سخت ترین آزمائش|فرشتوں کی پیشکش|نبی کا صبر,,,,
37,طائف سے واپسی پر آپ ﷺ نے نخلہ کے مقام پر قیام کیا۔ وہاں جنوں کی ایک جماعت نے آپ ﷺ سے قرآن سنا اور ایمان لے آئی۔ مکہ میں داخلے کے لیے آپ ﷺ کو مطعم بن عدی کی پناہ لینی پڑی۔,جنوں کی جماعت|مطعم بن عدی,نخلہ (مکہ و طائف کے درمیان)|مکہ,21.4-39.95,5,event_37_return_taif.png,غیبی مخلوق کا ایمان|انسانی بے رخی|اللہ کی مدد,,,,
38,"رجب کی 27 ویں شب (روایات مختلف ہیں)، 11 یا 12 نبوی میں، آپ ﷺ کو معراج کا عظیم معجزہ عطا ہوا۔ رات کے مختصر حصے میں آپ ﷺ کو مسجد الحرام سے مسجد اقصیٰ (اسراء) اور پھر وہاں سے آسمانوں کی سیر (معراج) کرائی گئی۔ پانچ نمازیں فرض ہوئیں۔",حضرت جبرائیل ؑ|انبیاء کرام,مسجد الحرام|مسجد اقصیٰ|آسمان,21.4225-39.8262,5,event_38_isra_miraj.png,آسمانی سفر|اللہ سے ملاقات|امت کا تحفہ,,,,
39,معراج کے بعد آپ ﷺ نے حج کے موقع پر مختلف عرب قبائل کو اسلام کی دعوت دی۔ اوس اور خزرج (یثرب کے قبائل) کے کچھ لوگوں نے دلچسپی ظاہر کی۔,عرب قبائل|اوس و خزرج,"منیٰ، مکہ",21.4166-39.8738,5,event_39_preach_hajj_tribes.png,دعوت کا تسلسل|نئے مواقع کی تلاش|مدینہ کی راہ ہموار,,,,
40,"12 نبوی میں حج کے موقع پر یثرب (مدینہ) سے آئے ہوئے 12 افراد نے عقبہ کے مقام پر آپ ﷺ کے ہاتھ پر بیعت کی۔ اسے بیعت عقبہ اولیٰ کہا جاتا ہے۔ انہوں نے شرک نہ کرنے، چوری نہ کرنے، زنا نہ کرنے وغیرہ پر بیعت کی۔",اسعد بن زرارہ (رض)|عوف بن حارث (رض)|رافع بن مالک (رض) (یثرب کے لوگ),"عقبہ، منیٰ کے قریب",21.418-39.87,5,event_40_aqabah1.png,مدینہ میں اسلام کی بنیاد|نئے مرکز کی امید|ایمان کا اقرار,,,,
41,"بیعت عقبہ اولیٰ کے بعد، آپ ﷺ نے حضرت مصعب بن عمیر (رض) کو یثرب والوں کو قرآن پڑھانے اور اسلام کی تعلیم دینے کے لئے معلم بنا کر بھیجا۔ ان کی کوششوں سے یثرب میں اسلام تیزی سے پھیلا۔",حضرت مصعب بن عمیر (رض)|اسعد بن زرارہ (رض),یثرب (مدینہ منورہ),24.4686-39.6142,5,event_41_musab_to_yathrib.png,صحابہ کی ذمہ داری|تعلیم و تربیت|ہجرت کی تیاری,,,,
42,اگلے سال 13 نبوی میں حج کے موقع پر یثرب سے 73 مرد اور 2 خواتین پر مشتمل ایک بڑا وفد آیا اور انہوں نے عقبہ کے مقام پر رات کی تاریکی میں آپ ﷺ سے ملاقات کی اور آپ ﷺ کی حفاظت اور مدد کرنے پر بیعت کی۔ اسے بیعت عقبہ ثانیہ یا بیعت الحرب کہا جاتا ہے۔,براء بن معرور (رض)|عبداللہ بن عمرو بن حرام (رض)|عبادہ بن صامت (رض),"عقبہ، منیٰ کے قریب",21.418-39.87,5,event_42_aqabah2.png,انصار مدینہ|اسلامی ریاست کا سنگ بنیاد|جان و مال کی قربانی,,,,
43,بیعت عقبہ ثانیہ کے بعد جب قریش کو یثرب والوں کے ساتھ آپ ﷺ کے معاہدے کا علم ہوا تو انہوں نے مسلمانوں پر مظالم مزید سخت کر دیئے۔ آپ ﷺ نے صحابہ کرام کو یثرب کی طرف ہجرت کی اجازت دے دی۔,صحابہ کرام|قریش,مکہ مکرمہ,21.3891-39.8579,5,event_43_permission_hijrah.png,نئے دور کا آغاز|قربانی کا سفر|ایمان کی مضبوطی,,,,
44,جب اکثر صحابہ ہجرت کر گئے تو قریش نے دارالندوہ میں آپ ﷺ کے قتل کا منصوبہ بنایا۔ ہر قبیلے سے ایک ایک نوجوان منتخب کیا گیا تاکہ اجتماعی طور پر حملہ کریں اور بنو ہاشم بدلہ نہ لے سکیں۔,ابو جہل|قریش کے سردار,"دارالندوہ، مکہ",21.4225-39.8262,5,event_44_quraish_plot_kill.png,اللہ کی حفاظت|ناکامی سازش|ہجرت کا فوری سبب,,,,
45,اللہ کے حکم سے آپ ﷺ نے حضرت ابوبکر صدیق (رض) کے ہمراہ رات کے وقت مکہ سے یثرب کی طرف ہجرت فرمائی۔ آپ ﷺ نے حضرت علی (رض) کو اپنے بستر پر لٹایا تاکہ قریش کو دھوکہ ہو اور وہ امانتیں واپس کر دیں۔,حضرت ابوبکر صدیق (رض)|حضرت علی (رض)|عامر بن فہیرہ (رض)|عبداللہ بن اریقط (رہبر),مکہ مکرمہ,21.3891-39.8579,5,event_45_hijrah_starts.png,تاریخ اسلام کا اہم موڑ|مکی دور کا اختتام|مدنی دور کا آغاز,,,,
46,"قریش کے تعاقب سے بچنے کے لیے آپ ﷺ اور حضرت ابوبکر (رض) نے تین راتیں مکہ کے قریب غارِ ثور میں قیام فرمایا۔ حضرت ابوبکر (رض) کے بیٹے عبداللہ خبریں پہنچاتے، بیٹی اسماء کھانا، اور غلام عامر بن فہیرہ بکریاں چرا کر نشانات مٹاتے۔",حضرت ابوبکر صدیق (رض)|حضرت اسماء بنت ابی بکر (رض)|حضرت عبداللہ بن ابی بکر (رض)|عامر بن فہیرہ (رض),"غار ثور، مکہ",21.3732-39.857,5,event_46_cave_thawr.png,امداد غیبی|دوست کی وفاداری|مشکل میں صبر,,,,
47,قریش نے آپ ﷺ اور حضرت ابوبکر (رض) کو پکڑنے والے کے لیے سو اونٹوں کا انعام مقرر کیا۔ سراقہ بن مالک انعام کے لالچ میں آپ ﷺ کے قریب پہنچ گیا لیکن اس کا گھوڑا بار بار زمین میں دھنس گیا اور اس نے امان طلب کی۔ آپ ﷺ نے اسے امان نامہ لکھ دیا۔,سراقہ بن مالک,مکہ اور مدینہ کا راستہ,22-39.5,5,event_47_suraqa_pursuit.png,دشمن کا دوست بننا|نبی کا رحم و کرم|اللہ کی مدد,,,,
48,"8 ربیع الاول، 1 ہجری کو آپ ﷺ مدینہ کے قریب قباء نامی بستی میں پہنچے۔ وہاں آپ ﷺ نے بنو عمرو بن عوف کے سردار کلثوم بن ہدم (رض) کے ہاں قیام فرمایا۔ اہل مدینہ آپ ﷺ کے بے چینی سے منتظر تھے۔",کلثوم بن ہدم (رض)|اہل قباء|اہل مدینہ,"قباء، مدینہ کے قریب",24.4396-39.613,5,event_48_arrival_quba.png,منزل مقصود کے قریب|مہاجرین کا ٹھکانہ|انصار کی محبت,,,,
49,قباء میں قیام کے دوران آپ ﷺ نے اسلام کی پہلی مسجد 'مسجدِ قباء' کی بنیاد رکھی اور اس کی تعمیر میں خود بھی حصہ لیا۔ قرآن میں اس مسجد کی تعریف کی گئی ہے۔,صحابہ کرام,"قباء، مدینہ کے قریب",24.4396-39.613,5,event_49_masjid_quba.png,اجتماعی عبادت کا مرکز|اسلامی معاشرے کی علامت|صحابہ کا جذبہ,,,,
50,قباء میں چند دن قیام کے بعد آپ ﷺ مدینہ کی طرف روانہ ہوئے۔ راستے میں بنو سالم بن عوف کی وادی 'رانوناء' میں جمعہ کا وقت ہوگیا۔ آپ ﷺ نے وہاں پہلا جمعہ پڑھایا اور پہلا خطبہ ارشاد فرمایا۔,بنو سالم بن عوف,"وادی رانوناء، مدینہ کے قریب",24.45-39.61,5,event_50_first_juma.png,اجتماعی عبادت|اسلامی شعار|نئے معاشرے کی بنیاد,,,,
51,جمعہ کے بعد آپ ﷺ مدینہ شہر میں داخل ہوئے۔ ہر قبیلہ آپ ﷺ کو اپنا مہمان بنانا چاہتا تھا۔ آپ ﷺ نے فرمایا کہ میری اونٹنی جہاں بیٹھے گی وہیں قیام کروں گا۔ اونٹنی حضرت ابو ایوب انصاری (رض) کے گھر کے سامنے بیٹھ گئی۔,حضرت ابو ایوب انصاری (رض)|انصار مدینہ,مدینہ منورہ,24.4686-39.6142,5,event_51_entry_madinah.png,یثرب سے مدینۃ النبی|نئے گھر کا تعین|انصار کی فداکاری,,,,
52,"مدینہ پہنچ کر سب سے پہلا کام مسجد نبوی کی تعمیر تھا۔ جس جگہ آپ ﷺ کی اونٹنی بیٹھی تھی، وہ دو یتیم بچوں کی زمین تھی۔ آپ ﷺ نے وہ زمین خریدی اور وہاں مسجد اور اپنے لیے حجرے تعمیر کروائے۔ صحابہ نے تعمیر میں بھرپور حصہ لیا۔",صحابہ کرام|سہل اور سہیل (یتیم بچے),مدینہ منورہ,24.4686-39.6142,5,event_52_masjid_nabawi.png,عبادت گاہ|تعلیم گاہ|ریاستی مرکز|بھائی چارے کی علامت,,,,
53,"مدینہ میں آپ ﷺ نے مہاجرین (مکہ سے آئے ہوئے) اور انصار (مدینہ کے مقامی) مسلمانوں کے درمیان بھائی چارے کا رشتہ قائم فرمایا، جسے 'مواخات' کہتے ہیں۔ ہر انصاری نے ایک مہاجر کو اپنا بھائی بنایا اور اپنی جائیداد میں حصہ دار کیا۔",مہاجرین|انصار,مدینہ منورہ,24.4686-39.6142,5,event_53_muakhaat.png,اسلامی اخوت|بے مثال بھائی چارہ|نئے معاشرے کی مضبوطی,,,,
54,"مدینہ میں مسلمانوں کے علاوہ یہودی قبائل (بنو قینقاع، بنو نضیر، بنو قریظہ) اور کچھ مشرک عرب بھی آباد تھے۔ آپ ﷺ نے ان سب کے ساتھ ایک معاہدہ کیا جسے 'میثاق مدینہ' کہا جاتا ہے۔ یہ ایک شہری ریاست کا دستور تھا جس میں سب کے حقوق و فرائض متعین کیے گئے۔",یہودی قبائل|مسلمان|مشرکین عرب,مدینہ منورہ,24.4686-39.6142,5,event_54_mithaq_madinah.png,اسلامی ریاست کا پہلا دستور|بین المذاہب ہم آہنگی|اجتماعی دفاع,,,,
55,"نماز کے لیے لوگوں کو بلانے کا طریقہ طے کرنے کے لیے مشورہ ہوا۔ حضرت عبداللہ بن زید (رض) اور حضرت عمر (رض) نے خواب میں اذان کے کلمات سنے، جس کی آپ ﷺ نے تصدیق فرمائی اور حضرت بلال (رض) کو اذان دینے کا حکم دیا۔",حضرت عبداللہ بن زید (رض)|حضرت عمر (رض)|حضرت بلال (رض),مدینہ منورہ,24.4686-39.6142,5,event_55_adhan_instituted.png,صدائے حق|بلال کی اذان|اجتماعی عبادت کی پکار,,,,
56,"1 ہجری، رمضان میں آپ ﷺ نے اپنے چچا حضرت حمزہ (رض) کی قیادت میں 30 مہاجرین کا ایک دستہ قریش کے ایک تجارتی قافلے کی طرف بھیجا جو ابو جہل کی قیادت میں شام سے واپس آ رہا تھا۔ سیف البحر کے مقام پر آمنا سامنا ہوا مگر کچھ جھڑپ کے بغیر معاملہ ٹل گیا۔ یہ پہلا سریہ تھا۔",حضرت حمزہ (رض)|ابو جہل|مہاجرین,سیف البحر (ساحل سمندر),24-38,5,event_56_sariya_hamza.png,دفاعی حکمت عملی|دشمن پر نظر|مسلمانوں کا عزم,,,,
57,2 ہجری میں مسلمانوں کو اپنے دفاع میں قتال (جنگ) کی اجازت نازل ہوئی۔ اس سے پہلے مسلمانوں کو صرف صبر کی تلقین کی جاتی تھی۔,مسلمان,مدینہ منورہ,24.4686-39.6142,5,event_57_permission_qital.png,حق کا دفاع|ظلم کا مقابلہ|نئی صورتحال,,,,
58,"2 ہجری، شعبان میں نماز کا قبلہ بیت المقدس سے تبدیل ہو کر خانہ کعبہ (مسجد الحرام) کی طرف کرنے کا حکم نازل ہوا۔ یہ مسلمانوں کی ایک دیرینہ خواہش تھی۔",صحابہ کرام,"مسجد قبلتین (روایت کے مطابق)، مدینہ",24.4822-39.5966,5,event_58_tahweel_qibla.png,امت مسلمہ کی پہچان|مرکزیت|دعا کی قبولیت,,,,
59,2 ہجری میں رمضان المبارک کے روزے فرض ہوئے۔ اس سے پہلے مسلمان عاشورہ کا روزہ اور کچھ نفلی روزے رکھتے تھے۔,مسلمان,مدینہ منورہ,24.4686-39.6142,5,event_59_ramadan_fasting_fard.png,اسلام کا رکن|روحانی تربیت|نفس پر قابو,,,,
60,"رمضان 2 ہجری، 17 تاریخ کو بدر کے مقام پر مسلمانوں اور کفار مکہ کے درمیان پہلی فیصلہ کن جنگ ہوئی۔ مسلمانوں کی تعداد 313 اور کفار کی 1000 تھی۔ اللہ کی مدد سے مسلمانوں کو فتح نصیب ہوئی۔ قریش کے بڑے بڑے سردار مارے گئے۔",ابو جہل|عتبہ بن ربیعہ|امیہ بن خلف|مسلمان مجاہدین,بدر,23.7661-38.7908,5,event_60_ghazwa_badr.png,اسلام کی پہلی بڑی فتح|کفر کی کمر ٹوٹی|ایمان کی طاقت,,,,
61,"غزوہ بدر کے دوران ہی آپ ﷺ کی صاحبزادی حضرت رقیہ (رض)، جو حضرت عثمان (رض) کی زوجہ تھیں، بیماری کی وجہ سے مدینہ میں انتقال فرما گئیں۔ حضرت عثمان (رض) ان کی تیمارداری کی وجہ سے بدر میں شریک نہ ہو سکے۔",حضرت رقیہ (رض)|حضرت عثمان (رض),مدینہ منورہ,24.4686-39.6142,5,event_61_ruqayyah_death.png,جنگ کے دوران صدمہ|صبر و رضا|اللہ کی مرضی,,,,
62,"غزوہ بدر کے بعد، یہودی قبیلہ بنو قینقاع نے مسلمانوں کے ساتھ معاہدہ توڑا اور ایک مسلمان عورت کی بے حرمتی کی۔ آپ ﷺ نے ان کا محاصرہ کیا اور بالآخر انہیں مدینہ سے جلاوطن کر دیا گیا۔",بنو قینقاع,مدینہ منورہ,24.4686-39.6142,5,event_62_banu_qaynuqa_expulsion.png,مدینہ کی صفائی|غداری کی سزا|ریاست کا استحکام,,,,
63,2 ہجری میں عید الفطر کی نماز ادا کی گئی اور صدقہ فطر کا حکم دیا گیا۔ یہ مسلمانوں کی پہلی عید تھی۔,مسلمان,مدینہ منورہ,24.4686-39.6142,5,event_63_eid_fitr_sadaqah.png,رمضان کا انعام|اجتماعی خوشی|غرباء کی مدد,,,,
64,"3 ہجری، شوال میں احد کے مقام پر مسلمانوں اور کفار مکہ کے درمیان دوسری بڑی جنگ ہوئی۔ ابو سفیان کی قیادت میں قریش بدر کا بدلہ لینے آئے تھے۔ ابتدائی فتح کے بعد تیراندازوں کی غلطی سے مسلمانوں کو نقصان اٹھانا پڑا۔ آپ ﷺ زخمی ہوئے اور حضرت حمزہ (رض) شہید ہوئے۔",حضرت حمزہ (رض)|ابو سفیان|مسلمان مجاہدین|تیرانداز,"احد پہاڑ، مدینہ کے قریب",24.5019-39.6128,5,event_64_ghazwa_uhud.png,اطاعت امیر کی اہمیت|صبر کا امتحان|شہادت کا مرتبہ,,,,
65,"غزوہ احد کے اگلے ہی دن، آپ ﷺ نے دشمن کے تعاقب میں حمراء الاسد تک پیش قدمی کی تاکہ کفار دوبارہ حملے کی جرأت نہ کریں۔ زخمی صحابہ نے بھی اس میں شرکت کی۔",صحابہ کرام,حمراء الاسد (مدینہ سے 8 میل),24.3833-39.5667,5,event_65_ghazwa_hamra_al_asad.png,کفار پر رعب|مسلمانوں کا حوصلہ|فوری ردعمل,,,,
66,4 ہجری میں رجیع کے مقام پر عضل اور قارہ قبائل نے دھوکے سے 10 مبلغ صحابہ کو شہید کر دیا۔ ان میں حضرت عاصم بن ثابت (رض) اور حضرت خبیب بن عدی (رض) شامل تھے۔ حضرت خبیب (رض) کو سولی پر چڑھایا گیا۔,حضرت عاصم بن ثابت (رض)|حضرت خبیب بن عدی (رض)|عضل و قارہ قبائل,رجیع (مکہ کے قریب),22-39,5,event_66_waqia_rajie.png,تبلیغ کی راہ میں قربانی|ایمان کی پختگی|ظلم کی انتہا,,,,
67,4 ہجری میں ہی بئر معونہ کا المناک واقعہ پیش آیا جہاں نجد کے ایک سردار عامر بن طفیل کی سازش سے 70 قراء صحابہ کو شہید کر دیا گیا جو تبلیغ کے لیے بھیجے گئے تھے۔ آپ ﷺ اس پر بہت غمگین ہوئے اور ایک ماہ تک قاتل قبائل پر قنوت نازلہ پڑھی۔,قراء صحابہ (70)|عامر بن طفیل|بنو سلیم,بئر معونہ (نجد),26-43,5,event_67_bir_mauna_tragedy.png,علمائے دین کی قربانی|اسلام دشمنی|نبی کا غم,,,,
68,4 ہجری میں یہودی قبیلہ بنو نضیر نے آپ ﷺ کے قتل کی سازش کی اور میثاق مدینہ کی خلاف ورزی کی۔ آپ ﷺ نے ان کا محاصرہ کیا اور بالآخر انہیں خیبر کی طرف جلاوطن کر دیا گیا۔ ان کے اموال مسلمانوں میں تقسیم ہوئے۔,بنو نضیر,مدینہ منورہ,24.4686-39.6142,5,event_68_banu_nadir_expulsion.png,مدینہ سے دوسری یہودی جلاوطنی|سازش کا انجام|ریاست کا دفاع,,,,
69,"5 ہجری، شوال میں قریش، غطفان اور دیگر یہودی و مشرک قبائل نے متحد ہو کر 10 ہزار کے لشکر سے مدینہ پر حملہ کیا۔ حضرت سلمان فارسی (رض) کے مشورے پر مسلمانوں نے شہر کے شمال میں خندق کھودی۔ تقریباً ایک ماہ محاصرہ جاری رہا۔ اللہ کی مدد سے دشمن ناکام ہوا۔",متحدہ کفار لشکر|حضرت سلمان فارسی (رض)|مسلمان,مدینہ منورہ,24.4686-39.6142,5,event_69_ghazwa_khandaq.png,اتحادی افواج کا حملہ|حکمت عملی|منافقین کا کردار|غیبی نصرت,,,,
70,"غزوہ خندق کے دوران یہودی قبیلہ بنو قریظہ نے مسلمانوں سے کیا ہوا معاہدہ توڑ کر دشمنوں سے ساز باز کی۔ محاصرہ ختم ہونے کے بعد آپ ﷺ نے ان کا محاصرہ کیا اور انہوں نے حضرت سعد بن معاذ (رض) کو اپنا ثالث تسلیم کیا۔ ان کے فیصلے کے مطابق جنگجو مرد قتل، عورتیں اور بچے غلام بنائے گئے۔",بنو قریظہ|حضرت سعد بن معاذ (رض),مدینہ منورہ,24.4686-39.6142,5,event_70_ghazwa_banu_qurayza.png,عہد شکنی کا انجام|مدینہ کی آخری یہودی صفائی|انصاف کا قیام,,,,
71,6 ہجری میں آپ ﷺ 1400 صحابہ کے ہمراہ عمرہ کی نیت سے مکہ روانہ ہوئے۔ قریش نے حدیبیہ کے مقام پر روک دیا۔ گفت و شنید کے بعد ایک دس سالہ امن معاہدہ طے پایا جسے 'صلح حدیبیہ' کہتے ہیں۔ ظاہری شرائط مسلمانوں کے خلاف تھیں مگر اللہ نے اسے 'فتح مبین' قرار دیا۔,قریش|صحابہ کرام|سہیل بن عمرو,حدیبیہ (مکہ کے قریب),21.3989-39.665,5,event_71_sulh_hudaybiyah.png,سفارتی کامیابی|دور اندیشی|اسلام کی وسعت کی بنیاد,,,,
72,حدیبیہ میں جب حضرت عثمان (رض) کو قریش سے مذاکرات کے لیے بھیجا گیا اور ان کی شہادت کی افواہ پھیلی تو آپ ﷺ نے صحابہ سے درخت کے نیچے موت پر بیعت لی کہ وہ بھاگیں گے نہیں۔ اسے 'بیعت رضوان' کہتے ہیں۔ اللہ نے ان بیعت کرنے والوں سے اپنی رضا کا اظہار کیا۔,حضرت عثمان (رض)|صحابہ کرام,"حدیبیہ، درخت کے نیچے",21.3989-39.665,5,event_72_bayat_ridwan.png,ایمان کا امتحان|جانثاری کا عہد|قرآنی شہادت,,,,
73,"صلح حدیبیہ کے بعد، 7 ہجری میں آپ ﷺ نے مختلف بادشاہوں اور حکمرانوں (قیصر روم، کسریٰ ایران، نجاشی حبشہ، عزیز مصر وغیرہ) کو اسلام کی دعوت کے خطوط بھیجے۔",ہرقل (قیصر روم)|خسرو پرویز (کسریٰ ایران)|نجاشی|مقوقس (عزیز مصر),مختلف ممالک,30-30,5,event_73_letters_to_kings.png,اسلام کا عالمی تعارف|نبی کی ذمہ داری|مختلف ردعمل,,,,
74,7 ہجری میں آپ ﷺ نے خیبر کے یہودیوں کے خلاف کارروائی کی جو مسلمانوں کے خلاف سازشوں اور معاہدہ شکنی کے مرکز بنے ہوئے تھے۔ کئی قلعے فتح ہوئے اور یہودیوں کو پیداوار کے حصے پر زمینوں پر رہنے کی اجازت ملی۔,یہود خیبر|حضرت علی (رض)|مسلمان مجاہدین,خیبر (مدینہ سے شمال مغرب),25.05-39.2167,5,event_74_ghazwa_khaybar.png,اسلامی ریاست کا استحکام|دشمن کا قلع قمع|مال غنیمت,,,,
75,"خیبر کی فتح کے بعد، آپ ﷺ نے حضرت صفیہ بنت حیی بن اخطب (رض) سے نکاح کیا جو جنگی قیدی تھیں، اسلام قبول کیا، آپ ﷺ نے آزاد کر کے نکاح کیا۔",حضرت صفیہ بنت حیی (رض),خیبر/سد الصہباء,25.05-39.2167,5,event_75_marriage_safiyyah.png,قیدی سے زوجہ|اسلام کی قبولیت|نبی کا اخلاق,,,,
76,"صلح حدیبیہ کی شرط کے مطابق، 7 ہجری ذوالقعدہ میں آپ ﷺ صحابہ کے ہمراہ عمرہ ادا کرنے مکہ تشریف لے گئے۔ تین دن مکہ میں قیام کیا اور پرامن طریقے سے عمرہ ادا کر کے واپس آئے۔ اسے 'عمرۃ القضاء' کہتے ہیں۔",صحابہ کرام|قریش,مکہ مکرمہ,21.4225-39.8262,5,event_76_umratul_qada.png,وعدے کی تکمیل|اسلام کی شان و شوکت|کفار پر اثر,,,,
77,"8 ہجری، جمادی الاولیٰ میں آپ ﷺ نے 3 ہزار کا لشکر شام کی طرف موتہ کے مقام پر بھیجا۔ وجہ یہ تھی کہ بصریٰ کے رومی حاکم شرحبیل بن عمرو غسانی نے آپ ﷺ کے قاصد حارث بن عمیر ازدی (رض) کو شہید کر دیا تھا۔ اس جنگ میں ایک لاکھ (یا دو لاکھ) رومیوں سے مقابلہ ہوا۔ تین سپہ سالار (زید، جعفر، عبداللہ بن رواحہ رض) شہید ہوئے۔ خالد بن ولید (رض) نے لشکر بچایا۔",حضرت زید بن حارثہ (رض)|حضرت جعفر طیار (رض)|حضرت عبداللہ بن رواحہ (رض)|حضرت خالد بن ولید (رض)|رومی فوج,موتہ (اردن),31.0333-35.7,5,event_77_ghazwa_mutah.png,قاصد کا قتل|اسلامی لشکر کی بہادری|سیف اللہ کا ظہور,,,,
78,"8 ہجری، رمضان میں قریش نے اپنے حلیف قبیلہ بنو بکر کی مدد کر کے مسلمانوں کے حلیف قبیلہ خزاعہ پر حملہ کیا اور صلح حدیبیہ کی خلاف ورزی کی۔ خزاعہ نے آپ ﷺ سے فریاد کی۔ یہ فتح مکہ کا سبب بنا۔",قبیلہ بنو بکر|قبیلہ خزاعہ|قریش,مکہ کے قریب,21.4-39.8,5,event_78_hudaybiyah_violation.png,عہد شکنی|مظلوم کی پکار|جنگ کی تیاری,,,,
79,قریش کی عہد شکنی پر آپ ﷺ 10 ہزار کے لشکر کے ساتھ رمضان 8 ہجری میں مکہ روانہ ہوئے۔ بغیر کسی بڑی لڑائی کے مکہ فتح ہوگیا۔ آپ ﷺ نے عام معافی کا اعلان کیا اور کعبہ کو بتوں سے پاک کیا۔,صحابہ کرام|قریش کے سردار,مکہ مکرمہ,21.4225-39.8262,5,event_79_conquest_makkah.png,تاریخی فتح|رحمۃ للعالمین کا مظاہرہ|بت پرستی کا خاتمہ,,,,
80,"فتح مکہ کے بعد، شوال 8 ہجری میں ہوازن اور ثقیف قبائل نے مسلمانوں کے خلاف ایک بڑا لشکر جمع کیا۔ حنین کی وادی میں جنگ ہوئی۔ ابتدائی طور پر مسلمانوں کے قدم اکھڑ گئے لیکن پھر اللہ کی مدد سے عظیم فتح نصیب ہوئی۔",ہوازن|ثقیف|صحابہ کرام,وادی حنین (مکہ و طائف کے درمیان),21.5-40.1,5,event_80_ghazwa_hunayn.png,کثرت پر غرور سے اجتناب|اللہ پر بھروسہ|ثابت قدمی کا انعام,,,,
81,"غزوہ حنین سے فرار ہونے والے دشمنوں نے طائف کے قلعے میں پناہ لی۔ آپ ﷺ نے طائف کا محاصرہ کیا جو تقریباً 20 دن جاری رہا۔ منجنیق اور دبابہ کا استعمال ہوا۔ آخرکار محاصرہ اٹھا لیا گیا، بعد میں ثقیف نے خود اسلام قبول کیا۔",ثقیف|مسلمان مجاہدین,طائف,21.285-40.4172,5,event_81_siege_taif.png,دشمن کا تعاقب|حکمت کا تقاضا|بعد میں اسلام قبولیت,,,,
82,غزوہ حنین اور طائف سے حاصل ہونے والا مال غنیمت آپ ﷺ نے جعرانہ کے مقام پر تقسیم فرمایا۔ اس میں مؤلفۃ القلوب (نئے مسلمانوں یا اسلام کی طرف مائل ہونے والوں) کو زیادہ حصہ دیا تاکہ ان کی حوصلہ افزائی ہو۔ انصار کی کچھ غلط فہمی کو دور کیا۔,مؤلفۃ القلوب|انصار|صحابہ کرام,جعرانہ (مکہ کے قریب),21.55-39.9333,5,event_82_distribution_ghanimah_jiranah.png,سیاسی حکمت|دلوں کو جیتنا|انصاف اور مصلحت,,,,
83,"9 ہجری کو 'عام الوفود' (وفود کا سال) کہا جاتا ہے کیونکہ اس سال عرب کے مختلف قبائل کے وفود کثرت سے مدینہ آ کر اسلام قبول کرتے رہے۔ ان میں وفد ثقیف، وفد بنی تمیم، وفد عبدالقیس وغیرہ شامل ہیں۔",عرب قبائل کے وفود,مدینہ منورہ,24.4686-39.6142,5,event_83_year_of_delegations.png,دعوت کا نتیجہ|امن کا اثر|عرب کا اتحاد,,,,
84,"9 ہجری، رجب میں آپ ﷺ کو خبر ملی کہ رومی سلطنت مدینہ پر بڑے حملے کی تیاری کر رہی ہے۔ آپ ﷺ 30 ہزار کے لشکر کے ساتھ شدید گرمی اور قحط سالی میں تبوک کی طرف روانہ ہوئے۔ یہ 'جیش العسرۃ' (تنگی کا لشکر) کہلاتا ہے۔ رومی فوج مقابلے پر نہ آئی۔ اسلامی ریاست کی دھاک بیٹھ گئی۔",صحابہ کرام (جیش العسرۃ)|رومی فوج (مفروضہ),تبوک (شمالی عرب),28.3833-36.5667,5,event_84_ghazwa_tabuk.png,آخری بڑا غزوہ|صحابہ کا ایثار|منافقین کی پہچان,,,,
85,غزوہ تبوک سے واپسی پر آپ ﷺ نے اس مسجد کو منہدم کرنے کا حکم دیا جو منافقین نے قباء کے قریب مسلمانوں میں پھوٹ ڈالنے اور سازشوں کے مرکز کے طور پر بنائی تھی۔ اسے 'مسجد ضرار' کہا جاتا ہے۔,منافقین,"قباء کے قریب، مدینہ",24.4396-39.613,5,event_85_masjid_dirar_demolished.png,نفاق کا قلع قمع|امت کی وحدت|قرآنی حکم,,,,
86,9 ہجری میں نجران کے عیسائیوں کا ایک وفد آپ ﷺ کی خدمت میں حاضر ہوا۔ بحث و مباحثہ کے بعد جب وہ حق قبول کرنے پر آمادہ نہ ہوئے تو آپ ﷺ نے انہیں مباہلہ (ایک دوسرے پر لعنت بھیجنے) کی دعوت دی۔ وہ ڈر گئے اور جزیہ پر صلح کر لی۔,نجران کے عیسائی|اہل بیت (مباہلہ کے لیے),مدینہ منورہ,24.4686-39.6142,5,event_86_najran_christians_mubahala.png,عیسائیوں سے مکالمہ|حق کی دعوت|اسلام کی صداقت,,,,
87,"9 ہجری، ذوالحجہ میں آپ ﷺ نے حضرت ابوبکر صدیق (رض) کو امیر الحج بنا کر مسلمانوں کا پہلا باقاعدہ حج ادا کرنے بھیجا۔ حضرت علی (رض) نے سورۃ براءت (توبہ) کی ابتدائی آیات سنائیں جن میں مشرکین سے براءت کا اعلان تھا۔ آئندہ سال سے مشرکین کا حج ممنوع قرار پایا۔",حضرت ابوبکر صدیق (رض)|حضرت علی (رض)|مسلمان حجاج,مکہ مکرمہ,21.4225-39.8262,5,event_87_first_islamic_hajj_abubakr.png,حج کی تنظیم|شرک کا خاتمہ|خالص توحید,,,,
88,"10 ہجری میں آپ ﷺ نے اپنی زندگی کا آخری اور واحد حج ادا فرمایا، جسے 'حجۃ الوداع' کہا جاتا ہے۔ اس میں ایک لاکھ سے زائد (روایات میں 114",000 یا 124,000) صحابہ کرام شریک ہوئے۔,"صحابہ کرام (ایک لاکھ سے زائد)-مکہ، عرفات، منیٰ، مزدلفہ",5,39.9821,الوداعی حج|امت کے لیے ہدایات|اسلام کا کامل ہونا,,,حجۃ الوداع|آخری حج|دین کی تکمیل کا اعلان|تاریخی خطبہ|10 ہجری|ذوالحجہ,الوداعی حج|امت کے لیے ہدایات|اسلام کا کامل ہونا
89,"حجۃ الوداع کے موقع پر 9 ذوالحجہ کو آپ ﷺ نے عرفات کے میدان میں ایک تاریخی اور جامع خطبہ ارشاد فرمایا۔ اس میں انسانی مساوات، عورتوں کے حقوق، جان و مال کی حرمت، سود کی ممانعت، اور قرآن و سنت کو مضبوطی سے تھامنے کی تلقین کی۔",صحابہ کرام,میدان عرفات,21.354-39.9821,5,event_89_farewell_sermon_arafat.png,اسلام کا مکمل ضابطہ حیات|مساوات کا درس|امت کی رہنمائی,,,,
90,"حجۃ الوداع سے مدینہ واپسی پر، 18 ذوالحجہ کو غدیر خم کے مقام پر آپ ﷺ نے ایک اہم خطبہ ارشاد فرمایا، جس میں حضرت علی (رض) کی فضیلت اور ان سے محبت کی تاکید کی۔ (اس کی تفصیلات اور تشریح میں شیعہ و سنی مکاتب فکر میں اختلاف ہے)۔",حضرت علی (رض)|صحابہ کرام,غدیر خم (مکہ و مدینہ کے درمیان),22.8167-39.4667,5,event_90_ghadir_khumm_sermon.png,اہل بیت کی اہمیت|اتحاد امت کی ضرورت|مختلف تشریحات,,,,
91,"11 ہجری، صفر میں آپ ﷺ نے رومیوں کے خلاف ایک لشکر تیار کیا اور حضرت اسامہ بن زید (رض) کو، جن کی عمر تقریباً 18-20 سال تھی، اس کا امیر مقرر فرمایا۔ اس لشکر میں بڑے بڑے صحابہ بھی شامل تھے۔ لشکر ابھی مدینہ کے قریب جرف کے مقام پر تھا کہ آپ ﷺ کی بیماری شدت اختیار کر گئی۔",حضرت اسامہ بن زید (رض)|کبار صحابہ,مدینہ/جرف,24.5167-39.5833,5,event_91_usama_expedition_prep.png,نوجوانوں پر اعتماد|ریاست کی توسیع|آخری فوجی مہم کی تیاری,,,,
92,"11 ہجری، صفر کے آخری ایام یا ربیع الاول کے شروع میں آپ ﷺ کی آخری بیماری کا آغاز ہوا۔ سر درد اور بخار کی شکایت ہوئی۔ بیماری کے دوران آپ ﷺ ازواج مطہرات سے اجازت لے کر حضرت عائشہ (رض) کے حجرے میں منتقل ہوگئے۔",حضرت عائشہ (رض)|ازواج مطہرات,"مدینہ منورہ، حجرہ عائشہ (رض)",24.4686-39.6142,5,event_92_final_illness_starts.png,بشریت کا تقاضا|امت کے لیے غم|وصال کی تیاری,,,,
93,بیماری کی شدت کے باعث جب آپ ﷺ مسجد میں نماز پڑھانے کے قابل نہ رہے تو آپ ﷺ نے حضرت ابوبکر صدیق (رض) کو مسلمانوں کی نماز پڑھانے کا حکم دیا۔ انہوں نے تقریباً 17 نمازوں کی امامت کی۔,حضرت ابوبکر صدیق (رض),"مسجد نبوی، مدینہ",24.4686-39.6142,5,event_93_abubakr_leads_prayer.png,خلافت کی طرف اشارہ|امت کا امام|نبی کا حکم,,,,
94,"وفات سے چند روز قبل، ایک دن بیماری میں کچھ افاقہ محسوس ہوا تو آپ ﷺ دو صحابہ کے سہارے مسجد تشریف لائے۔ حضرت ابوبکر (رض) نماز پڑھا رہے تھے، وہ پیچھے ہٹنے لگے تو آپ ﷺ نے انہیں اپنی جگہ رہنے کا اشارہ کیا اور ان کے بائیں جانب بیٹھ کر نماز ادا کی۔",حضرت ابوبکر (رض)|حضرت عباس (رض)|حضرت علی (رض),"مسجد نبوی، مدینہ",24.4686-39.6142,5,event_94_last_prayer_in_masjid.png,امت سے محبت|نماز سے لگاؤ|آخری لمحات,,,,
95,"پیر کے دن، 12 ربیع الاول، 11 ہجری (بمطابق 8 جون 632ء)، چاشت کے وقت، آپ ﷺ کا وصال ہوا۔ آپ ﷺ نے حضرت عائشہ (رض) کے سینے پر سر رکھے ہوئے جان جانِ آفریں کے سپرد کی۔ انا للہ و انا الیہ راجعون۔ عمر مبارک 63 سال تھی۔",حضرت عائشہ (رض)|حضرت فاطمہ (رض)|اہل بیت|صحابہ کرام,"مدینہ منورہ، حجرہ عائشہ (رض)",24.4686-39.6142,5,event_95_prophet_passes_away.png,رحلت پیغمبر|امت کا یتیم ہونا|تاریخ کا سیاہ ترین دن,,,,
96,آپ ﷺ کے وصال کی خبر سن کر صحابہ کرام پر شدید غم اور صدمے کی کیفیت طاری ہوگئی۔ حضرت عمر (رض) جیسے جلیل القدر صحابی بھی یقین نہ کر پائے۔ حضرت ابوبکر (رض) نے نہایت حکمت اور صبر سے حالات کو سنبھالا اور خطبہ دیا جس سے لوگوں کو قرار آیا۔,حضرت عمر (رض)|حضرت ابوبکر (رض)|صحابہ کرام,مدینہ منورہ,24.4686-39.6142,5,event_96_sahaba_reaction_death.png,شدید غم|ایمان کا امتحان|قیادت کا کردار,,,,
97,"آپ ﷺ کے وصال کے بعد، انصار مدینہ سقیفہ بنی ساعدہ میں جمع ہوئے تاکہ خلیفہ کا انتخاب کریں۔ مہاجرین بھی وہاں پہنچے۔ بحث و مباحثہ کے بعد حضرت ابوبکر صدیق (رض) کو پہلا خلیفہ منتخب کر لیا گیا۔",انصار|مہاجرین|حضرت ابوبکر (رض)|حضرت عمر (رض)|حضرت ابو عبیدہ (رض),"سقیفہ بنی ساعدہ، مدینہ",24.47-39.608,5,event_97_saqifah_abubakr_caliph.png,اسلامی ریاست کا تسلسل|اجتماعی فیصلہ|امت کا اتحاد,,,,
98,"منگل کی رات (یعنی بدھ کی شب)، آپ ﷺ کی تجہیز و تکفین کی گئی۔ حضرت علی (رض)، حضرت عباس (رض) اور ان کے بیٹوں فضل اور قثم، اور اسامہ بن زید (رض) نے غسل دیا۔ آپ ﷺ کو تین سفید یمنی چادروں کا کفن دیا گیا۔",حضرت علی (رض)|حضرت عباس (رض)|فضل بن عباس (رض)|قثم بن عباس (رض)|اسامہ بن زید (رض),"مدینہ منورہ، حجرہ عائشہ (رض)",24.4686-39.6142,5,event_98_ghusl_kafn.png,آخری رسومات|نبی کی پاکیزگی|سنت کا طریقہ,,,,
99,"صحابہ کرام نے فرداً فرداً بغیر امام کے آپ ﷺ کی نماز جنازہ ادا کی۔ سب سے پہلے اہل بیت کے مردوں، پھر عورتوں، پھر دیگر صحابہ نے ادا کی۔",صحابہ کرام|اہل بیت,"مدینہ منورہ، حجرہ عائشہ (رض)",24.4686-39.6142,5,event_99_janazah_prayer.png,آخری دیدار|دعائے مغفرت|امت کی محبت,,,,
100,"آپ ﷺ کو اسی حجرے میں دفن کیا گیا جہاں آپ ﷺ کا وصال ہوا تھا، یعنی حضرت عائشہ (رض) کے حجرے میں۔ قبر مبارک لحد والی بنائی گئی۔ بدھ کے روز تدفین عمل میں آئی۔",حضرت ابو طلحہ انصاری (رض) (قبر کھودنے والے)|صحابہ کرام,"مدینہ منورہ، روضہ اطہر (سابقہ حجرہ عائشہ رض)",24.4676-39.6118,5,event_100_burial.png,آخری منزل|امت کا مرکز عقیدت|نبی کا مدفن,,,,
101,حضرت فاطمہ (رض) کا حضرت علی (رض) سے نکاح 2 ہجری میں ہوا۔ یہ نکاح نہایت سادگی سے انجام پایا۔ جہیز میں معمولی سامان تھا۔ آپ ﷺ نے اپنی بیٹی کو دعائیں دیں۔,حضرت فاطمہ (رض)|حضرت علی (رض)|ازواج مطہرات,مدینہ منورہ,24.4686-39.6142,5,event_101_fatima_ali_marriage.png,اسلامی نکاح کی مثال|جہیز کی سادگی|خاندان اہل بیت,,,,
102,"حضرت حسن بن علی (رض) کی ولادت 3 ہجری، رمضان میں ہوئی۔ آپ ﷺ نے ان کے کان میں اذان دی، نام رکھا اور عقیقہ کیا۔ آپ ﷺ ان سے بے حد محبت کرتے تھے۔",حضرت حسن (رض)|حضرت علی (رض)|حضرت فاطمہ (رض),مدینہ منورہ,24.4686-39.6142,5,event_102_hasan_birth.png,خوشی کا موقع|نبی کی محبت|آل رسول,,,,
103,"حضرت حسین بن علی (رض) کی ولادت 4 ہجری، شعبان میں ہوئی۔ آپ ﷺ ان سے بھی بے حد پیار کرتے تھے۔ حسن و حسین (رض) کو 'جنت کے نوجوانوں کے سردار' فرمایا۔",حضرت حسین (رض)|حضرت علی (رض)|حضرت فاطمہ (رض),مدینہ منورہ,24.4686-39.6142,5,event_103_husayn_birth.png,دوسری خوشی|نبی کا پیار|جنت کے سردار,,,,
104,"حضرت زینب بنت محمد ﷺ کا نکاح ابو العاص بن ربیع سے ہوا۔ وہ بدر میں قید ہوئے، پھر رہا ہو کر مکہ گئے اور بعد میں اسلام قبول کر کے مدینہ آئے۔",حضرت زینب (رض)|ابو العاص بن ربیع,مکہ/مدینہ,21.3891-39.8579,5,event_104_zaynab_marriage_abul_aas.png,صاحبزادی کا نکاح|ایمان کی آزمائش|زوجین کا ملاپ,,,,
105,"حضرت ام کلثوم بنت محمد ﷺ کا پہلا نکاح ابو لہب کے بیٹے عتیبہ سے ہوا، جس نے اسلام دشمنی میں طلاق دے دی۔ بعد میں حضرت عثمان (رض) سے ان کا نکاح ہوا۔",حضرت ام کلثوم (رض)|عتیبہ بن ابی لہب|حضرت عثمان (رض),مکہ/مدینہ,21.3891-39.8579,5,event_105_um_kulthum_marriage.png,صاحبزادی کا دوسرا نکاح|اسلام دشمنی کا نتیجہ|نبی کا داماد,,,,
106,آپ ﷺ کے صاحبزادے حضرت ابراہیم بن محمد ﷺ کی ولادت حضرت ماریہ قبطیہ (رض) کے بطن سے 8 ہجری میں ہوئی۔ آپ ﷺ ان سے بہت خوش ہوئے۔,حضرت ابراہیم بن محمد ﷺ|حضرت ماریہ قبطیہ (رض),مدینہ منورہ,24.4686-39.6142,5,event_106_ibrahim_birth.png,بڑھاپے کی اولاد|نبی کی مسرت|اللہ کا انعام,,,,
107,"حضرت ابراہیم (رض) تقریباً 16 یا 18 ماہ کی عمر میں 10 ہجری میں انتقال فرما گئے۔ آپ ﷺ ان کی وفات پر بہت غمگین ہوئے اور آنکھوں سے آنسو جاری ہوئے۔ فرمایا: 'آنکھ روتی ہے، دل غمگین ہے، لیکن ہم زبان سے وہی کہتے ہیں جس سے ہمارا رب راضی ہو'۔",حضرت ابراہیم بن محمد ﷺ,مدینہ منورہ,24.4686-39.6142,5,event_107_ibrahim_death.png,اولاد کا صدمہ|نبی کا صبر|رضا بالقضاء,,,,
108,"غزوہ بدر سے پہلے، رجب/شعبان 2 ہجری میں، حضرت عبداللہ بن جحش (رض) کی قیادت میں ایک سریہ نخلہ کی طرف بھیجا گیا۔ انہوں نے غلط فہمی سے حرمت والے مہینے (رجب) میں ایک قافلے پر حملہ کر کے عمرو بن حضرمی کو قتل کر دیا اور مال غنیمت حاصل کیا۔ اس پر وحی نازل ہوئی۔",حضرت عبداللہ بن جحش (رض)|عمرو بن حضرمی,نخلہ (مکہ و طائف کے درمیان),21.4-39.95,5,event_108_sariya_nakhlah.png,پہلا قتل و مال غنیمت|وحی کا نزول|جنگی قوانین کی ابتدا,,,,
109,"شراب کی حرمت تدریجاً نازل ہوئی۔ پہلے اسے ناپسندیدہ کہا گیا، پھر نشے میں نماز سے منع کیا گیا، اور آخرکار 4 ہجری کے لگ بھگ (یا بعد میں) سورۃ المائدہ کی آیت کے ذریعے اسے مکمل طور پر حرام قرار دے دیا گیا۔",مسلمان,مدینہ منورہ,24.4686-39.6142,5,event_109_prohibition_alcohol.png,بری عادت کا خاتمہ|اسلامی معاشرے کی پاکیزگی|اللہ کا حکم,,,,
110,"سود (ربا) کی حرمت بھی تدریجاً ہوئی۔ پہلے اسے غیر پسندیدہ کہا گیا، پھر اس کی مذمت کی گئی اور بالآخر فتح مکہ کے بعد یا حجۃ الوداع کے موقع پر اسے قطعی طور پر حرام قرار دے کر اس پر مبنی تمام سابقہ معاہدات کالعدم قرار دے دیے گئے۔",مسلمان|اہل عرب,مدینہ/مکہ,24.4686-39.6142,5,event_110_prohibition_riba.png,ظالمانہ نظام کا خاتمہ|انصاف پر مبنی معیشت|اللہ کا واضح حکم,,,,
111,"کعب بن اشرف ایک یہودی شاعر تھا جو اسلام، نبی کریم ﷺ اور مسلمان خواتین کی شان میں گستاخی کرتا تھا۔ اس کی ایذاء رسانی حد سے بڑھ گئی تو 3 ہجری میں آپ ﷺ کے حکم پر حضرت محمد بن مسلمہ (رض) اور دیگر صحابہ نے اسے قتل کیا۔",کعب بن اشرف|حضرت محمد بن مسلمہ (رض),مدینہ کے نواح,24.4686-39.6142,5,event_111_kab_ashraf_killed.png,فتنہ کا سدباب|ریاست کا اقدام|امن کا قیام,,,,
112,ابو رافع سلام بن ابی الحقیق بھی ایک بڑا یہودی سردار اور اسلام دشمن تھا جو خیبر میں رہتا تھا اور مسلمانوں کے خلاف قبائل کو بھڑکاتا تھا۔ اسے 5 یا 6 ہجری میں حضرت عبداللہ بن عتیک (رض) اور ان کے ساتھیوں نے قتل کیا۔,ابو رافع سلام بن ابی الحقیق|حضرت عبداللہ بن عتیک (رض),خیبر,25.05-39.2167,5,event_112_abu_rafi_killed.png,دشمن کا سرغنہ ہلاک|مسلمانوں کا دفاع|بہادری کا کارنامہ,,,,
113,"غزوہ خندق کے بعد، آپ ﷺ نے ذو قرد کے مقام پر غطفان قبیلے کے ایک گروہ کا تعاقب کیا جنہوں نے مدینہ کی چراگاہ پر حملہ کر کے آپ ﷺ کی اونٹنیاں لوٹ لی تھیں اور چرواہے کو قتل کر دیا تھا۔ حضرت سلمہ بن اکوع (رض) نے بہادری دکھائی۔",غطفان قبیلہ|حضرت سلمہ بن اکوع (رض),ذو قرد (مدینہ کے قریب),24.6-39.7,5,event_113_ghazwa_dhu_qarad.png,مال مویشی کا دفاع|صحابہ کی جرأت|فوری کارروائی,,,,
114,"صلح حدیبیہ کے بعد، ابو بصیر (رض) جو مکہ سے بھاگ کر آئے تھے، معاہدے کی رو سے واپس کیے گئے، لیکن راستے میں قریش کے آدمیوں کو قتل کر کے ساحل سمندر پر 'عیص' کے مقام پر ایک گروہ بنا لیا۔ بعد میں یہ مسئلہ حل ہوا۔",ابو بصیر (رض)|قریش,عیص (ساحل سمندر پر),23.5-38.5,5,event_114_abu_busair_incident.png,معاہدے کی پیچیدگی|مسلمانوں کا جذبہ|مسئلے کا حل,,,,
115,"حضرت خالد بن ولید (رض) نے فتح مکہ سے کچھ عرصہ قبل، 8 ہجری میں اسلام قبول کیا۔ ان کے ساتھ عمرو بن العاص (رض) اور عثمان بن طلحہ (رض) نے بھی اسلام قبول کیا۔ ان کے اسلام لانے سے مسلمانوں کی قوت میں بے پناہ اضافہ ہوا۔",حضرت خالد بن ولید (رض)|عمرو بن العاص (رض)|عثمان بن طلحہ (رض),مدینہ منورہ,24.4686-39.6142,5,event_115_khalid_amr_uthman_islam.png,بڑے سرداروں کا اسلام|مستقبل کے سپہ سالار|کفر کا نقصان,,,,
116,"فتح مکہ کے بعد، سریہ خالد بن ولید (رض) بنو جذیمہ کی طرف بھیجا گیا۔ غلط فہمی کی بنا پر کچھ لوگ قتل ہوگئے۔ آپ ﷺ کو اس پر بہت افسوس ہوا اور آپ نے دیت ادا کی اور فرمایا 'اے اللہ میں خالد کے فعل سے بری ہوں'۔",حضرت خالد بن ولید (رض)|بنو جذیمہ,بنو جذیمہ کا علاقہ (مکہ کے جنوب),21-39.8,5,event_116_sariya_khalid_banu_judhaymah.png,انصاف کا تقاضا|نبی کا افسوس|احتیاط کی تاکید,,,,
117,یمن میں اسود عنسی نے نبوت کا جھوٹا دعویٰ کیا اور بغاوت کی۔ آپ ﷺ نے اس کے خلاف کارروائی کا حکم دیا۔ آپ ﷺ کی وفات سے کچھ ہی پہلے فیروز دیلمی (رض) اور دیگر مسلمانوں نے اسے قتل کر دیا۔,اسود عنسی|فیروز دیلمی (رض),یمن,15.5527-48.5164,5,event_117_aswad_ansi_false_prophet.png,فتنہ ارتداد کا آغاز|صحابہ کا کردار|اسلام کا دفاع,,,,
118,یمامہ میں مسیلمہ کذاب نے بھی نبوت کا جھوٹا دعویٰ کیا۔ آپ ﷺ نے اسے خط لکھا لیکن وہ باز نہ آیا۔ اس کا فتنہ حضرت ابوبکر (رض) کے دور خلافت میں جنگ یمامہ میں ختم ہوا۔,مسیلمہ کذاب,یمامہ (نجد),24-47,5,event_118_musaylimah_false_prophet.png,جھوٹے نبیوں کا ظہور|اسلام کے لیے چیلنج|بعد میں قلع قمع,,,,
119,"آپ ﷺ نے مختلف اوقات میں کئی وصیتیں فرمائیں۔ خصوصاً آخری بیماری میں نماز کی پابندی، غلاموں اور عورتوں کے حقوق کا خیال رکھنے اور یہود و نصاریٰ کو جزیرۃ العرب سے نکالنے کی وصیت فرمائی (ایک تشریح کے مطابق ان کے سیاسی غلبے کو ختم کرنے کی)۔",صحابہ کرام|اہل بیت,مدینہ منورہ,24.4686-39.6142,5,event_119_prophet_final_wasiyat.png,امت کے لیے ہدایات|اہم امور پر توجہ|دین کی حفاظت,,,,
120,"حضرت عائشہ (رض) سے آپ ﷺ کا نکاح مکہ میں ہوا تھا جب وہ کمسن تھیں، لیکن رخصتی مدینہ ہجرت کے بعد 1 یا 2 ہجری میں ہوئی جب وہ بالغ ہوئیں۔ وہ آپ ﷺ کی محبوب ترین زوجہ تھیں۔",حضرت عائشہ (رض),مدینہ منورہ,24.4686-39.6142,5,event_120_ayesha_rukhsati.png,نکاح و رخصتی|نبی کی زوجہ|علم کا منبع,,,,
121,حضرت حفصہ بنت عمر (رض) سے آپ ﷺ کا نکاح 3 ہجری میں ہوا۔ وہ حضرت عمر فاروق (رض) کی بیٹی اور ایک بیوہ تھیں۔,حضرت حفصہ بنت عمر (رض)|حضرت عمر (رض),مدینہ منورہ,24.4686-39.6142,5,event_121_marriage_hafsa.png,صحابہ سے تعلقات|بیواؤں کی دلجوئی|ازواج مطہرات,,,,
122,حضرت زینب بنت خزیمہ (رض) سے آپ ﷺ کا نکاح 3 یا 4 ہجری میں ہوا۔ وہ 'ام المساکین' (مسکینوں کی ماں) کے لقب سے مشہور تھیں کیونکہ وہ بہت سخی تھیں۔ نکاح کے چند ماہ بعد ہی ان کا انتقال ہوگیا۔,حضرت زینب بنت خزیمہ (رض),مدینہ منورہ,24.4686-39.6142,5,event_122_marriage_zaynab_khuzaymah.png,سخاوت کی مثال|مختصر ازدواجی زندگی|ام المؤمنین,,,,
123,حضرت ام سلمہ (ہند بنت ابی امیہ) (رض) سے آپ ﷺ کا نکاح 4 ہجری میں ہوا۔ وہ ابو سلمہ (رض) کی بیوہ تھیں جو احد میں زخمی ہو کر شہید ہوئے تھے۔ وہ بہت عقلمند اور صاحب الرائے خاتون تھیں۔,حضرت ام سلمہ (رض)|ابو سلمہ (رض),مدینہ منورہ,24.4686-39.6142,5,event_123_marriage_um_salamah.png,بیوہ سے نکاح|صحابہ کی تکریم|مشورہ کی اہمیت (حدیبیہ),,,,
124,حضرت زینب بنت جحش (رض) سے آپ ﷺ کا نکاح 5 ہجری میں اللہ کے حکم سے ہوا۔ وہ آپ ﷺ کی پھوپھی زاد بہن تھیں اور پہلے حضرت زید بن حارثہ (رض) کی زوجیت میں تھیں۔ اس نکاح سے منہ بولے بیٹے کی مطلقہ سے نکاح کا جاہلی رواج ختم ہوا۔,حضرت زینب بنت جحش (رض)|حضرت زید بن حارثہ (رض),مدینہ منورہ,24.4686-39.6142,5,event_124_marriage_zaynab_jahsh.png,آسمانی نکاح|جاہلی رسم کا خاتمہ|ام المؤمنین,,,,
125,حضرت جویریہ بنت حارث (رض) (اصل نام برّہ) قبیلہ بنو مصطلق کے سردار کی بیٹی تھیں۔ غزوہ بنو مصطلق (مریسیع) 5 یا 6 ہجری میں قیدی بنیں۔ آپ ﷺ نے انہیں آزاد کر کے نکاح کیا۔ ان کی وجہ سے تمام بنو مصطلق کے قیدی آزاد کر دیے گئے۔,حضرت جویریہ بنت حارث (رض)|بنو مصطلق,مدینہ/مریسیع,23-39,5,event_125_marriage_juwayriyah.png,قیدیوں کی رہائی|قبیلے کا اسلام|نبی کا رحم,,,,
126,حضرت ام حبیبہ (رملہ بنت ابی سفیان) (رض) سے آپ ﷺ کا نکاح 7 ہجری میں ہوا۔ وہ حبشہ میں مہاجر تھیں اور ان کے پہلے شوہر عبیداللہ بن جحش مرتد ہو کر وہیں مر گیا تھا۔ نجاشی نے آپ ﷺ کی طرف سے نکاح پڑھایا۔,حضرت ام حبیبہ (رض)|ابو سفیان|نجاشی,حبشہ/مدینہ,9.145-40.4897,5,event_126_marriage_um_habibah.png,دور دیس میں نکاح|ایمان پر استقامت|دشمن کی بیٹی سے نکاح,,,,
127,حضرت میمونہ بنت حارث (رض) سے آپ ﷺ کا نکاح 7 ہجری میں عمرۃ القضاء سے واپسی پر سرف کے مقام پر ہوا۔ وہ آپ ﷺ کی آخری زوجہ مطہرہ تھیں۔,حضرت میمونہ بنت حارث (رض)|حضرت عباس (رض) (وکیل),سرف (مکہ کے قریب),21.5-39.7,5,event_127_marriage_maymunah.png,نکاح کا تسلسل|ازواج مطہرات کی تکمیل|ام المؤمنین,,,,
128,واقعہ افک غزوہ بنو مصطلق (5 ہجری) سے واپسی پر پیش آیا جب منافقین نے حضرت عائشہ (رض) پر تہمت لگائی۔ آپ ﷺ اور صحابہ شدید پریشان رہے۔ تقریباً ایک ماہ بعد اللہ تعالیٰ نے سورۃ النور میں حضرت عائشہ (رض) کی براءت نازل فرمائی۔,حضرت عائشہ (رض)|منافقین (عبداللہ بن ابی)|صفوان بن معطل (رض),مدینہ کا راستہ/مدینہ,24.4686-39.6142,5,event_128_ifk_incident.png,پاکدامنی کی شہادت|منافقت کا पर्दाफाش|صبر کا پھل,,,,
129,غزوہ احد میں جب آپ ﷺ کے دندان مبارک شہید ہوئے اور چہرہ انور زخمی ہوا تو آپ ﷺ نے فرمایا 'وہ قوم کیسے فلاح پائے گی جس نے اپنے نبی کو زخمی کیا'۔ اس پر اللہ نے آیت نازل کی کہ ہدایت دینا اللہ کے اختیار میں ہے۔,کفار قریش,"احد پہاڑ، مدینہ",24.5019-39.6128,5,event_129_uhud_prophet_wounded_dua.png,بشری تکلیف|رحمت للعالمین|اللہ کی مرضی,,,,
130,"آپ ﷺ کی زندگی میں کئی مواقع پر دوسری بار شق صدر کا واقعہ پیش آیا، ایک روایت کے مطابق معراج کے موقع پر بھی آپ ﷺ کا سینہ مبارک چاک کر کے اسے حکمت و ایمان سے بھرا گیا۔",حضرت جبرائیل ؑ,بیت المقدس/آسمان (معراج کے دوران),31.7781-35.2354,5,event_130_shaqq_sadr_miraj.png,سفر معراج کی تیاری|قلب کی تطہیر|نورانیت میں اضافہ,,,,
